{"count":1,"self":87.1400192,"total":97.8554465,"children":{"InitializeActuators":{"count":30,"self":0.0019944999999999997,"total":0.0019944999999999997,"children":null},"InitializeSensors":{"count":30,"self":0.0020312999999999998,"total":0.0020312999999999998,"children":null},"AgentSendState":{"count":4632,"self":0.55512759999999994,"total":1.2868282,"children":{"CollectObservations":{"count":138960,"self":0.2372048,"total":0.2372048,"children":null},"WriteActionMask":{"count":138960,"self":0.15757839999999998,"total":0.15757839999999998,"children":null},"RequestDecision":{"count":138960,"self":0.3369174,"total":0.3369174,"children":null}}},"DecideAction":{"count":4632,"self":4.5008164,"total":8.4188400999999988,"children":{"RayPerceptionSensor.Perceive":{"count":277920,"self":3.918024,"total":3.9180238,"children":null}}},"AgentAct":{"count":4632,"self":1.0037384999999999,"total":1.0037384999999999,"children":null}},"gauges":{"SocialExplorerBehaviour.CumulativeReward":{"count":270,"max":250,"min":-14,"runningAverage":182.818558,"value":228,"weightedAverage":194.706558}},"metadata":{"timer_format_version":"0.1.0","start_time_seconds":"1627906909","unity_version":"2020.2.0f1","command_line_arguments":"E:\\GameEngines\\UnityInstalls\\2020.2.0f1\\Editor\\Unity.exe -projectpath C:\/Users\/jdbug\/Documents\/CCTP-Project2 -useHub -hubIPC -cloudEnvironment production -hubSessionId 89e382f0-f389-11eb-ad66-09a77b40882f -accessToken 3U0harJLifwC-mB5VD8Ij_LC-a2tfMVW8oVRUL1MTAQ005f","communication_protocol_version":"1.3.0","com.unity.ml-agents_version":"1.7.2-preview","scene_name":"SocialScene","end_time_seconds":"1627907007"}}